ID Invoice,Kota,Produk,Jumlah Barang,Total Harga,Metode Pembayaran
750-67-8428,Bogor,Morinaga Chil Kid Platinum,7,100985,Ewallet
226-31-3081,Bekasi,Diabetasol,5,135316,Cash
631-41-3108,Bogor,Diabetasol Wafer,7,196574,Credit card
123-19-1176,Bogor,Fitbar Multigrain Chocolate,8,35033,Ewallet
373-73-7910,Bogor,Fitbar Multigrain Chocolate,7,101863,Ewallet
699-14-3026,Bekasi,Fitbar Multigrain Raisins,7,142766,Ewallet
355-53-5943,Bogor,Fitbar Multigrain Raisins,6,81503,Ewallet
315-22-5665,Bekasi,Fitbar Multigrain Chocolate,10,18133,Ewallet
665-32-9167,Bogor,Morinaga Chil Kid Platinum,2,183703,Credit card
692-92-5582,Jakarta,Fitbar Multigrain Chocolate,3,26953,Credit card
351-62-0822,Jakarta,Hydro Coco,4,186168,Ewallet
529-56-3974,Jakarta,Diabetasol Wafer,4,151796,Cash
365-64-0515,Bogor,Diabetasol,5,108477,Ewallet
252-56-2699,Bogor,Fitbar Multigrain Raisins,10,166527,Ewallet
829-34-3910,Bogor,Diabetasol,10,76566,Cash
299-46-1805,Jakarta,Diabetasol,6,38352,Cash
656-95-9349,Bogor,Diabetasol,7,92360,Credit card
765-26-6951,Bogor,Hydro Coco,6,112880,Credit card
329-62-1586,Bogor,Hydro Coco,3,82551,Credit card
319-50-3348,Jakarta,Fitbar Multigrain Raisins,2,166367,Ewallet
300-71-4605,Bekasi,Hydro Coco,5,21193,Ewallet
371-85-5789,Jakarta,Fitbar Multigrain Chocolate,3,86721,Ewallet
273-16-6619,Jakarta,Diabetasol,2,98461,Credit card
636-48-8204,Bogor,Fitbar Multigrain Chocolate,5,47727,Ewallet
549-59-1358,Bogor,Fitbar Multigrain Raisins,3,188470,Ewallet
227-03-5010,Bogor,Morinaga Chil Kid Platinum,8,28690,Credit card
649-29-6775,Jakarta,Fitbar Multigrain Raisins,1,194351,Cash
189-17-4241,Bogor,Hydro Coco,2,173228,Credit card
145-94-9061,Jakarta,Diabetasol Wafer,5,134436,Cash
848-62-7243,Bogor,Hydro Coco,9,172703,Cash
871-79-8483,Jakarta,Fitbar Multigrain Raisins,5,85991,Credit card
149-71-6266,Jakarta,Hydro Coco,9,113012,Cash
640-49-2076,Jakarta,Fitbar Multigrain Chocolate,8,117728,Cash
595-11-5460,Bogor,Hydro Coco,2,161715,Credit card
183-56-6882,Bekasi,Morinaga Chil Kid Platinum,4,80626,Ewallet
232-16-2483,Bekasi,Hydro Coco,1,99244,Ewallet
129-29-8530,Bogor,Diabetasol,5,63258,Ewallet
272-65-1806,Bogor,Morinaga Chil Kid Platinum,9,153935,Ewallet
333-73-7901,Bekasi,Morinaga Chil Kid Platinum,8,28953,Ewallet
777-82-7220,Jakarta,Diabetasol,8,111456,Cash
280-35-5823,Jakarta,Fitbar Multigrain Raisins,1,172267,Ewallet
554-53-8700,Bekasi,Fitbar Multigrain Raisins,2,192933,Cash
354-25-5821,Jakarta,Morinaga Chil Kid Platinum,6,152035,Cash
228-96-1411,Bekasi,Diabetasol Wafer,8,140328,Cash
617-15-4209,Bekasi,Fitbar Multigrain Raisins,2,32188,Cash
132-32-9879,Jakarta,Diabetasol,4,127745,Cash
370-41-7321,Jakarta,Fitbar Multigrain Chocolate,9,64680,Credit card
727-46-3608,Jakarta,Hydro Coco,9,123151,Ewallet
669-54-1719,Jakarta,Hydro Coco,6,185458,Credit card
574-22-5561,Bekasi,Diabetasol Wafer,10,98928,Ewallet
326-78-5178,Bekasi,Fitbar Multigrain Raisins,7,94450,Cash
162-48-8011,Bogor,Diabetasol Wafer,5,63910,Cash
616-24-2851,Jakarta,Hydro Coco,4,167565,Ewallet
778-71-5554,Bekasi,Morinaga Chil Kid Platinum,1,173512,Credit card
242-55-6721,Jakarta,Hydro Coco,2,177653,Ewallet
399-46-5918,Bekasi,Hydro Coco,8,192760,Cash
106-35-6779,Bogor,Fitbar Multigrain Raisins,2,95503,Cash
635-40-6220,Bogor,Fitbar Multigrain Raisins,8,156027,Ewallet
817-48-8732,Bogor,Diabetasol Wafer,10,20661,Cash
120-06-4233,Bekasi,Diabetasol Wafer,6,153753,Cash
285-68-5083,Bekasi,Diabetasol,3,148295,Credit card
803-83-5989,Bekasi,Diabetasol Wafer,6,84170,Ewallet
347-34-2234,Jakarta,Diabetasol,9,16538,Ewallet
199-75-8169,Bogor,Fitbar Multigrain Chocolate,10,75905,Credit card
853-23-2453,Jakarta,Morinaga Chil Kid Platinum,4,91502,Cash
877-22-3308,Bogor,Diabetasol,10,146269,Cash
838-78-4295,Bekasi,Diabetasol,2,43204,Ewallet
109-28-2512,Jakarta,Hydro Coco,6,161106,Ewallet
232-11-3025,Bogor,Fitbar Multigrain Chocolate,10,97538,Cash
382-03-4532,Bogor,Diabetasol,1,103443,Cash
393-65-2792,Bekasi,Hydro Coco,10,150479,Credit card
796-12-2025,Bekasi,Diabetasol,10,12995,Cash
510-95-6347,Jakarta,Hydro Coco,3,13218,Ewallet
841-35-6630,Bekasi,Diabetasol Wafer,6,102373,Cash
287-21-9091,Bogor,Fitbar Multigrain Chocolate,9,88935,Ewallet
732-94-0499,Bekasi,Fitbar Multigrain Raisins,10,83759,Credit card
263-10-3913,Bekasi,Fitbar Multigrain Raisins,9,35235,Credit card
381-20-0914,Bogor,Morinaga Chil Kid Platinum,9,184688,Credit card
829-49-1914,Bekasi,Hydro Coco,10,53959,Ewallet
756-01-7507,Bekasi,Fitbar Multigrain Chocolate,5,10739,Cash
870-72-4431,Bekasi,Morinaga Chil Kid Platinum,6,193254,Credit card
847-38-7188,Jakarta,Fitbar Multigrain Chocolate,3,36324,Ewallet
480-63-2856,Bekasi,Diabetasol,8,113416,Ewallet
787-56-0757,Bekasi,Fitbar Multigrain Raisins,4,181982,Credit card
360-39-5055,Bekasi,Fitbar Multigrain Chocolate,5,198972,Cash
730-50-9884,Bekasi,Morinaga Chil Kid Platinum,7,84769,Ewallet
362-58-8315,Bekasi,Fitbar Multigrain Chocolate,5,127115,Cash
633-44-8566,Bogor,Morinaga Chil Kid Platinum,7,99157,Credit card
504-35-8843,Bogor,Diabetasol Wafer,1,87831,Cash
318-68-5053,Jakarta,Diabetasol,6,133743,Cash
565-80-5980,Bekasi,Hydro Coco,4,160711,Cash
225-32-0908,Bekasi,Hydro Coco,10,157905,Ewallet
873-51-0671,Bogor,Diabetasol,7,28122,Ewallet
152-08-9985,Jakarta,Diabetasol Wafer,9,183842,Credit card
512-91-0811,Bekasi,Fitbar Multigrain Chocolate,1,95782,Credit card
594-34-4444,Bogor,Morinaga Chil Kid Platinum,1,89328,Ewallet
766-85-7061,Jakarta,Diabetasol Wafer,10,19921,Ewallet
871-39-9221,Bekasi,Fitbar Multigrain Raisins,6,93689,Cash
865-92-6136,Bogor,Diabetasol,3,141670,Ewallet
733-01-9107,Jakarta,Diabetasol Wafer,6,132342,Cash
163-56-7055,Bekasi,Fitbar Multigrain Chocolate,1,113747,Cash
189-98-2939,Bekasi,Diabetasol Wafer,9,119456,Cash
551-21-3069,Bekasi,Morinaga Chil Kid Platinum,9,53160,Cash
212-62-1842,Bogor,Diabetasol Wafer,6,64669,Cash
716-39-1409,Jakarta,Diabetasol Wafer,7,195894,Cash
704-48-3927,Bogor,Fitbar Multigrain Raisins,10,141040,Ewallet
628-34-3388,Bekasi,Hydro Coco,6,11286,Credit card
630-74-5166,Bogor,Diabetasol Wafer,6,20588,Cash
588-01-7461,Bekasi,Morinaga Chil Kid Platinum,9,64189,Cash
861-77-0145,Bekasi,Fitbar Multigrain Raisins,10,160868,Cash
479-26-8945,Jakarta,Fitbar Multigrain Chocolate,2,192398,Ewallet
210-67-5886,Bekasi,Morinaga Chil Kid Platinum,3,36017,Credit card
227-78-1148,Jakarta,Fitbar Multigrain Raisins,7,134427,Cash
645-44-1170,Bogor,Hydro Coco,9,16089,Ewallet
237-01-6122,Bekasi,Diabetasol,9,123226,Credit card
225-98-1496,Bekasi,Fitbar Multigrain Chocolate,3,36222,Credit card
291-32-1427,Jakarta,Diabetasol Wafer,5,103841,Ewallet
659-65-8956,Jakarta,Fitbar Multigrain Chocolate,1,36975,Ewallet
642-32-2990,Bogor,Diabetasol,10,76941,Ewallet
378-24-2715,Jakarta,Diabetasol Wafer,2,88270,Ewallet
638-60-7125,Bogor,Hydro Coco,8,173880,Credit card
659-36-1684,Bekasi,Hydro Coco,7,83533,Credit card
219-22-9386,Jakarta,Diabetasol Wafer,9,67090,Credit card
336-78-2147,Bekasi,Fitbar Multigrain Chocolate,8,159419,Credit card
268-27-6179,Jakarta,Fitbar Multigrain Chocolate,8,20048,Ewallet
668-90-8900,Bogor,Morinaga Chil Kid Platinum,7,48752,Credit card
870-54-3162,Bogor,Diabetasol,5,53004,Cash
189-08-9157,Bekasi,Diabetasol Wafer,9,113883,Credit card
663-86-9076,Bekasi,Diabetasol Wafer,8,121830,Ewallet
549-84-7482,Jakarta,Diabetasol,9,10466,Ewallet
191-10-6171,Jakarta,Fitbar Multigrain Chocolate,7,41528,Cash
802-70-5316,Bogor,Diabetasol Wafer,6,63814,Cash
695-51-0018,Jakarta,Diabetasol,4,140592,Cash
590-83-4591,Jakarta,Diabetasol,6,34603,Credit card
483-71-1164,Bekasi,Diabetasol,6,45959,Ewallet
597-78-7908,Bekasi,Fitbar Multigrain Chocolate,3,175983,Cash
700-81-1757,Bogor,Fitbar Multigrain Chocolate,5,37998,Credit card
354-39-5160,Bogor,Fitbar Multigrain Raisins,6,10553,Cash
241-72-9525,Jakarta,Fitbar Multigrain Chocolate,10,123762,Cash
575-30-8091,Bogor,Hydro Coco,8,93433,Ewallet
731-81-9469,Bekasi,Fitbar Multigrain Raisins,10,141729,Credit card
280-17-4359,Bekasi,Hydro Coco,10,164514,Cash
338-65-2210,Bekasi,Diabetasol Wafer,10,150015,Cash
488-25-4221,Bekasi,Diabetasol Wafer,1,121367,Credit card
239-10-7476,Bogor,Diabetasol Wafer,6,19271,Ewallet
458-41-1477,Bekasi,Hydro Coco,6,199026,Credit card
685-64-1609,Bogor,Fitbar Multigrain Chocolate,10,63615,Ewallet
568-90-5112,Bekasi,Hydro Coco,4,128712,Credit card
262-47-2794,Jakarta,Fitbar Multigrain Raisins,8,84245,Credit card
238-49-0436,Bogor,Morinaga Chil Kid Platinum,8,176423,Credit card
608-96-3517,Jakarta,Fitbar Multigrain Chocolate,4,58001,Credit card
584-86-7256,Bekasi,Fitbar Multigrain Raisins,7,151174,Credit card
746-94-0204,Bogor,Diabetasol Wafer,9,83020,Credit card
214-17-6927,Bekasi,Hydro Coco,6,110638,Ewallet
400-89-4171,Bekasi,Morinaga Chil Kid Platinum,8,187642,Cash
782-95-9291,Bogor,Fitbar Multigrain Raisins,5,68134,Credit card
279-74-2924,Jakarta,Morinaga Chil Kid Platinum,1,142478,Cash
307-85-2293,Jakarta,Morinaga Chil Kid Platinum,5,175685,Ewallet
743-04-1105,Jakarta,Morinaga Chil Kid Platinum,9,125606,Ewallet
423-57-2993,Jakarta,Morinaga Chil Kid Platinum,6,114495,Ewallet
894-41-5205,Bekasi,Hydro Coco,8,152445,Credit card
275-28-0149,Bogor,Hydro Coco,1,100247,Cash
101-17-6199,Bogor,Fitbar Multigrain Chocolate,7,56425,Credit card
423-80-0988,Bekasi,Fitbar Multigrain Raisins,2,189504,Ewallet
548-46-9322,Jakarta,Fitbar Multigrain Raisins,10,98776,Credit card
505-02-0892,Jakarta,Diabetasol Wafer,8,86045,Ewallet
234-65-2137,Bekasi,Morinaga Chil Kid Platinum,10,71887,Cash
687-47-8271,Bogor,Hydro Coco,10,87690,Credit card
796-32-9050,Bogor,Diabetasol Wafer,6,195138,Cash
105-31-1824,Bogor,Diabetasol Wafer,7,123151,Credit card
249-42-3782,Bogor,Fitbar Multigrain Raisins,5,115649,Ewallet
316-55-4634,Jakarta,Diabetasol,5,82379,Credit card
733-33-4967,Bekasi,Fitbar Multigrain Raisins,8,103349,Cash
608-27-6295,Jakarta,Morinaga Chil Kid Platinum,6,18012,Credit card
414-12-7047,Jakarta,Diabetasol,8,105417,Ewallet
827-26-2100,Bogor,Morinaga Chil Kid Platinum,9,99696,Ewallet
175-54-2529,Bogor,Fitbar Multigrain Chocolate,8,43589,Credit card
139-52-2867,Bekasi,Fitbar Multigrain Chocolate,7,179848,Credit card
407-63-8975,Bogor,Fitbar Multigrain Chocolate,6,39008,Ewallet
342-65-4817,Bekasi,Fitbar Multigrain Chocolate,3,20696,Ewallet
130-98-8941,Bekasi,Diabetasol Wafer,7,66979,Cash
434-83-9547,Bekasi,Morinaga Chil Kid Platinum,8,68032,Cash
851-28-6367,Bogor,Fitbar Multigrain Raisins,10,192870,Ewallet
824-88-3614,Bekasi,Hydro Coco,8,141091,Ewallet
586-25-0848,Bogor,Hydro Coco,7,183843,Credit card
895-66-0685,Jakarta,Fitbar Multigrain Chocolate,3,107351,Ewallet
305-14-0245,Jakarta,Hydro Coco,8,48567,Ewallet
732-04-5373,Jakarta,Fitbar Multigrain Chocolate,4,142095,Cash
400-60-7251,Bogor,Morinaga Chil Kid Platinum,1,41548,Ewallet
593-65-1552,Bekasi,Diabetasol,4,199364,Credit card
284-34-9626,Jakarta,Fitbar Multigrain Chocolate,3,74406,Credit card
437-58-8131,Jakarta,Hydro Coco,2,122191,Ewallet
286-43-6208,Bekasi,Diabetasol Wafer,9,96005,Cash
641-43-2399,Jakarta,Diabetasol Wafer,4,56718,Ewallet
831-07-6050,Bogor,Diabetasol,5,145629,Credit card
556-86-3144,Bekasi,Morinaga Chil Kid Platinum,1,67978,Cash
848-24-9445,Bekasi,Hydro Coco,2,190837,Cash
856-22-8149,Bogor,Fitbar Multigrain Chocolate,1,143041,Ewallet
699-01-4164,Bekasi,Fitbar Multigrain Chocolate,4,17685,Credit card
420-11-4919,Bekasi,Fitbar Multigrain Chocolate,5,62956,Credit card
606-80-4905,Bekasi,Morinaga Chil Kid Platinum,6,87831,Credit card
542-41-0513,Jakarta,Diabetasol Wafer,4,193936,Cash
426-39-2418,Bekasi,Morinaga Chil Kid Platinum,7,22720,Cash
875-46-5808,Jakarta,Morinaga Chil Kid Platinum,10,125831,Ewallet
394-43-4238,Jakarta,Morinaga Chil Kid Platinum,5,141569,Credit card
749-24-1565,Bogor,Diabetasol Wafer,9,64847,Ewallet
672-51-8681,Bekasi,Morinaga Chil Kid Platinum,9,69841,Credit card
263-87-5680,Bekasi,Fitbar Multigrain Chocolate,10,84975,Ewallet
573-58-9734,Jakarta,Diabetasol,3,70092,Ewallet
817-69-8206,Jakarta,Hydro Coco,9,108811,Credit card
888-02-0338,Bogor,Morinaga Chil Kid Platinum,9,194769,Ewallet
677-11-0152,Bekasi,Fitbar Multigrain Raisins,9,62812,Cash
142-63-6033,Jakarta,Morinaga Chil Kid Platinum,5,22154,Ewallet
656-16-1063,Jakarta,Diabetasol,3,131669,Credit card
891-58-8335,Jakarta,Diabetasol,7,174251,Cash
802-43-8934,Bogor,Diabetasol Wafer,1,13294,Credit card
560-30-5617,Jakarta,Morinaga Chil Kid Platinum,5,169928,Cash
319-74-2561,Bogor,Diabetasol,3,174028,Cash
549-03-9315,Jakarta,Diabetasol,8,185052,Ewallet
790-29-1172,Jakarta,Fitbar Multigrain Chocolate,3,117152,Credit card
239-36-3640,Jakarta,Morinaga Chil Kid Platinum,6,34088,Ewallet
468-01-2051,Jakarta,Diabetasol Wafer,7,198146,Ewallet
389-25-3394,Bekasi,Fitbar Multigrain Chocolate,5,146450,Cash
279-62-1445,Bekasi,Hydro Coco,1,153389,Cash
213-72-6612,Bogor,Diabetasol Wafer,2,145915,Cash
746-68-6593,Bekasi,Morinaga Chil Kid Platinum,2,113991,Credit card
836-82-5858,Jakarta,Fitbar Multigrain Chocolate,9,99027,Ewallet
583-72-1480,Bekasi,Diabetasol,4,51372,Ewallet
466-61-5506,Jakarta,Morinaga Chil Kid Platinum,6,198477,Cash
721-86-6247,Bogor,Hydro Coco,8,122017,Ewallet
289-65-5721,Jakarta,Diabetasol,2,71006,Cash
545-46-3100,Jakarta,Fitbar Multigrain Chocolate,3,106019,Credit card
418-02-5978,Jakarta,Diabetasol Wafer,9,126038,Cash
269-04-5750,Jakarta,Fitbar Multigrain Chocolate,4,160639,Cash
157-13-5295,Bogor,Fitbar Multigrain Chocolate,10,186599,Ewallet
645-78-8093,Bogor,Hydro Coco,2,158860,Ewallet
211-30-9270,Bekasi,Diabetasol,5,67642,Credit card
755-12-3214,Bekasi,Fitbar Multigrain Raisins,5,124050,Credit card
346-84-3103,Jakarta,Morinaga Chil Kid Platinum,5,18712,Cash
478-06-7835,Bogor,Hydro Coco,1,130268,Ewallet
540-11-4336,Bogor,Fitbar Multigrain Raisins,9,107290,Credit card
448-81-5016,Bogor,Diabetasol Wafer,2,150847,Credit card
142-72-4741,Bekasi,Diabetasol Wafer,2,70929,Credit card
217-58-1179,Bogor,Hydro Coco,4,132809,Cash
376-02-8238,Jakarta,Hydro Coco,8,139274,Credit card
530-90-9855,Bogor,Morinaga Chil Kid Platinum,8,85961,Cash
866-05-7563,Jakarta,Hydro Coco,3,120912,Cash
604-70-6476,Bogor,Diabetasol,5,112526,Ewallet
799-71-1548,Bogor,Fitbar Multigrain Chocolate,4,73117,Credit card
785-13-7708,Jakarta,Diabetasol,7,137586,Credit card
845-51-0542,Jakarta,Diabetasol Wafer,9,129371,Ewallet
662-47-5456,Bekasi,Hydro Coco,10,94059,Credit card
883-17-4236,Bekasi,Hydro Coco,2,108077,Credit card
290-68-2984,Bogor,Fitbar Multigrain Chocolate,4,147218,Cash
704-11-6354,Bogor,Diabetasol,8,185308,Cash
110-48-7033,Jakarta,Morinaga Chil Kid Platinum,4,176687,Cash
366-93-0948,Bogor,Diabetasol,1,162394,Credit card
729-09-9681,Bogor,Hydro Coco,6,54471,Ewallet
151-16-1484,Bogor,Hydro Coco,4,149614,Ewallet
380-94-4661,Bekasi,Fitbar Multigrain Chocolate,4,141857,Credit card
850-41-9669,Bogor,Hydro Coco,9,157399,Ewallet
821-07-3596,Bekasi,Diabetasol,4,69134,Ewallet
655-85-5130,Jakarta,Diabetasol,4,175087,Cash
447-15-7839,Bogor,Hydro Coco,10,178350,Cash
154-74-7179,Jakarta,Fitbar Multigrain Chocolate,1,181174,Ewallet
253-12-6086,Bogor,Diabetasol Wafer,7,10870,Credit card
808-65-0703,Bekasi,Diabetasol Wafer,4,121619,Credit card
571-94-0759,Jakarta,Fitbar Multigrain Chocolate,10,159053,Cash
144-51-6085,Bogor,Fitbar Multigrain Raisins,4,140766,Credit card
731-14-2199,Bogor,Hydro Coco,10,12135,Ewallet
783-09-1637,Jakarta,Diabetasol Wafer,5,70698,Ewallet
687-15-1097,Bekasi,Morinaga Chil Kid Platinum,2,123278,Cash
126-54-1082,Bogor,Fitbar Multigrain Chocolate,9,75897,Credit card
633-91-1052,Bogor,Diabetasol,2,182190,Cash
477-24-6490,Jakarta,Fitbar Multigrain Raisins,6,93440,Ewallet
566-19-5475,Jakarta,Fitbar Multigrain Chocolate,7,130774,Cash
526-86-8552,Bekasi,Fitbar Multigrain Raisins,10,100822,Cash
376-56-3573,Bekasi,Fitbar Multigrain Raisins,4,99621,Ewallet
537-72-0426,Bekasi,Hydro Coco,10,151105,Cash
828-61-5674,Bogor,Hydro Coco,10,177906,Credit card
136-08-6195,Bogor,Hydro Coco,8,184285,Credit card
523-38-0215,Bekasi,Hydro Coco,1,67517,Credit card
490-29-1201,Bogor,Hydro Coco,1,56509,Cash
667-92-0055,Bogor,Fitbar Multigrain Chocolate,6,143076,Ewallet
565-17-3836,Bogor,Morinaga Chil Kid Platinum,4,110605,Cash
498-41-1961,Jakarta,Morinaga Chil Kid Platinum,5,179290,Cash
593-95-4461,Bekasi,Fitbar Multigrain Raisins,1,118877,Cash
226-71-3580,Bekasi,Morinaga Chil Kid Platinum,9,127150,Cash
283-79-9594,Jakarta,Fitbar Multigrain Chocolate,7,127621,Credit card
430-60-3493,Bogor,Fitbar Multigrain Raisins,7,164254,Cash
139-20-0155,Jakarta,Fitbar Multigrain Raisins,10,113478,Credit card
558-80-4082,Bekasi,Hydro Coco,7,35617,Ewallet
278-97-7759,Bogor,Diabetasol Wafer,1,129638,Cash
316-68-6352,Bogor,Fitbar Multigrain Chocolate,2,100359,Cash
585-03-5943,Jakarta,Morinaga Chil Kid Platinum,10,100928,Ewallet
211-05-0490,Bekasi,Fitbar Multigrain Chocolate,5,82319,Cash
727-75-6477,Bekasi,Fitbar Multigrain Chocolate,4,195640,Cash
744-02-5987,Bogor,Hydro Coco,6,36878,Ewallet
307-83-9164,Bogor,Diabetasol,4,89194,Cash
779-06-0012,Bekasi,Hydro Coco,1,59865,Cash
446-47-6729,Bekasi,Diabetasol Wafer,2,44785,Credit card
573-10-3877,Jakarta,Diabetasol,1,112553,Credit card
735-06-4124,Bekasi,Morinaga Chil Kid Platinum,1,144254,Cash
439-54-7422,Bogor,Fitbar Multigrain Chocolate,4,109378,Credit card
396-90-2219,Jakarta,Fitbar Multigrain Chocolate,8,192720,Cash
411-77-0180,Bogor,Diabetasol Wafer,7,104507,Ewallet
286-01-5402,Bogor,Morinaga Chil Kid Platinum,7,72906,Cash
803-17-8013,Bogor,Diabetasol Wafer,8,141859,Cash
512-98-1403,Bogor,Fitbar Multigrain Raisins,3,113346,Ewallet
848-42-2560,Bogor,Hydro Coco,2,90261,Cash
532-59-7201,Jakarta,Morinaga Chil Kid Platinum,6,193499,Cash
181-94-6432,Bekasi,Fitbar Multigrain Raisins,2,105344,Ewallet
870-76-1733,Bogor,Hydro Coco,5,71609,Credit card
423-64-4619,Bogor,Diabetasol Wafer,9,79390,Cash
227-07-4446,Bekasi,Fitbar Multigrain Raisins,10,197278,Cash
174-36-3675,Bekasi,Fitbar Multigrain Raisins,2,146065,Cash
428-83-5800,Bekasi,Fitbar Multigrain Raisins,3,173331,Cash
603-07-0961,Bekasi,Fitbar Multigrain Raisins,5,132782,Cash
704-20-4138,Bekasi,Fitbar Multigrain Chocolate,7,114690,Credit card
787-15-1757,Bekasi,Morinaga Chil Kid Platinum,4,158094,Ewallet
649-11-3678,Bekasi,Fitbar Multigrain Chocolate,9,78381,Cash
622-20-1945,Bekasi,Diabetasol,1,145993,Cash
372-94-8041,Bogor,Fitbar Multigrain Raisins,6,97300,Ewallet
563-91-7120,Bogor,Fitbar Multigrain Raisins,5,164330,Cash
746-54-5508,Bogor,Fitbar Multigrain Chocolate,6,23400,Credit card
276-54-0879,Jakarta,Diabetasol,4,199032,Ewallet
815-11-1168,Bogor,Hydro Coco,5,136973,Cash
719-76-3868,Bekasi,Fitbar Multigrain Raisins,4,152357,Cash
730-61-8757,Jakarta,Fitbar Multigrain Raisins,4,79836,Credit card
340-66-0321,Bogor,Hydro Coco,4,187803,Cash
868-81-1752,Jakarta,Diabetasol Wafer,9,59685,Cash
634-97-8956,Bogor,Diabetasol Wafer,3,91469,Credit card
566-71-1091,Bogor,Hydro Coco,5,192412,Cash
442-48-3607,Bogor,Morinaga Chil Kid Platinum,2,92622,Credit card
835-16-0096,Bekasi,Fitbar Multigrain Chocolate,5,41685,Ewallet
527-09-6272,Bogor,Diabetasol,5,92151,Credit card
898-04-2717,Bogor,Fitbar Multigrain Chocolate,9,72058,Ewallet
692-27-8933,Jakarta,Diabetasol,6,16536,Cash
633-09-3463,Bekasi,Fitbar Multigrain Chocolate,3,30827,Credit card
374-17-3652,Jakarta,Hydro Coco,9,76506,Credit card
378-07-7001,Jakarta,Fitbar Multigrain Raisins,3,86040,Credit card
433-75-6987,Jakarta,Fitbar Multigrain Raisins,7,20712,Ewallet
873-95-4984,Jakarta,Hydro Coco,7,35606,Cash
416-13-5917,Bekasi,Diabetasol Wafer,5,187454,Ewallet
150-89-8043,Bogor,Diabetasol,3,116346,Cash
135-84-8019,Bogor,Morinaga Chil Kid Platinum,9,185857,Ewallet
441-94-7118,Bogor,Fitbar Multigrain Raisins,1,108925,Cash
725-96-3778,Bekasi,Morinaga Chil Kid Platinum,8,66094,Cash
531-80-1784,Bogor,Morinaga Chil Kid Platinum,7,45439,Cash
400-45-1220,Jakarta,Hydro Coco,10,97525,Credit card
860-79-0874,Bekasi,Fitbar Multigrain Raisins,10,22711,Credit card
834-61-8124,Bogor,Fitbar Multigrain Raisins,7,180378,Cash
115-99-4379,Jakarta,Morinaga Chil Kid Platinum,7,86214,Credit card
565-67-6697,Jakarta,Fitbar Multigrain Chocolate,9,169286,Cash
320-49-6392,Bekasi,Diabetasol Wafer,1,113335,Cash
889-04-9723,Jakarta,Diabetasol Wafer,4,124130,Credit card
632-90-0281,Bekasi,Morinaga Chil Kid Platinum,10,30390,Credit card
554-42-2417,Bekasi,Fitbar Multigrain Chocolate,10,60928,Cash
453-63-6187,Jakarta,Morinaga Chil Kid Platinum,3,116284,Ewallet
578-80-7669,Jakarta,Fitbar Multigrain Chocolate,1,93613,Cash
612-36-5536,Bogor,Morinaga Chil Kid Platinum,8,36688,Credit card
605-72-4132,Bekasi,Morinaga Chil Kid Platinum,8,39432,Cash
471-41-2823,Bekasi,Fitbar Multigrain Chocolate,2,51758,Ewallet
462-67-9126,Bogor,Fitbar Multigrain Raisins,6,29099,Cash
272-27-9238,Bekasi,Hydro Coco,4,36921,Cash
834-25-9262,Bekasi,Hydro Coco,4,137981,Cash
122-61-9553,Bekasi,Diabetasol,9,150695,Cash
468-88-0009,Bogor,Diabetasol Wafer,4,71424,Cash
613-59-9758,Bekasi,Diabetasol Wafer,10,154602,Cash
254-31-0042,Bogor,Diabetasol Wafer,9,53208,Credit card
201-86-2184,Jakarta,Fitbar Multigrain Raisins,7,123338,Cash
261-12-8671,Jakarta,Fitbar Multigrain Chocolate,2,118166,Credit card
730-70-9830,Bekasi,Diabetasol,6,186832,Ewallet
382-25-8917,Bekasi,Hydro Coco,6,52845,Cash
422-29-8786,Bogor,Diabetasol Wafer,5,179709,Credit card
667-23-5919,Bogor,Morinaga Chil Kid Platinum,5,70964,Ewallet
843-01-4703,Jakarta,Diabetasol Wafer,9,56096,Credit card
743-88-1662,Bekasi,Diabetasol Wafer,7,195156,Ewallet
595-86-2894,Bekasi,Morinaga Chil Kid Platinum,4,83255,Ewallet
182-69-8360,Jakarta,Diabetasol Wafer,4,74532,Credit card
289-15-7034,Bogor,Fitbar Multigrain Raisins,4,184104,Credit card
462-78-5240,Bekasi,Fitbar Multigrain Chocolate,2,57953,Cash
868-52-7573,Jakarta,Fitbar Multigrain Chocolate,5,195644,Cash
153-58-4872,Bekasi,Hydro Coco,4,19185,Ewallet
662-72-2873,Bogor,Fitbar Multigrain Chocolate,5,95057,Ewallet
525-88-7307,Jakarta,Fitbar Multigrain Raisins,1,68556,Cash
689-16-9784,Bekasi,Morinaga Chil Kid Platinum,6,121907,Cash
725-56-0833,Bogor,Morinaga Chil Kid Platinum,10,192093,Credit card
394-41-0748,Bekasi,Fitbar Multigrain Chocolate,9,160652,Ewallet
596-42-3999,Jakarta,Fitbar Multigrain Chocolate,7,126840,Credit card
541-89-9860,Bekasi,Fitbar Multigrain Raisins,3,11220,Cash
173-82-9529,Jakarta,Fitbar Multigrain Raisins,10,148123,Cash
563-36-9814,Bogor,Fitbar Multigrain Raisins,1,173670,Ewallet
308-47-4913,Bogor,Fitbar Multigrain Chocolate,10,141461,Credit card
885-17-6250,Bogor,Diabetasol,1,139258,Ewallet
726-27-2396,Bogor,Fitbar Multigrain Chocolate,5,198912,Ewallet
316-01-3952,Bogor,Fitbar Multigrain Chocolate,5,41372,Ewallet
760-54-1821,Jakarta,Diabetasol Wafer,9,144530,Cash
793-10-3222,Jakarta,Diabetasol,6,103433,Credit card
346-12-3257,Jakarta,Hydro Coco,9,128812,Cash
110-05-6330,Bekasi,Diabetasol Wafer,6,143824,Credit card
651-61-0874,Bekasi,Morinaga Chil Kid Platinum,4,82284,Credit card
236-86-3015,Bekasi,Diabetasol,1,42449,Ewallet
831-64-0259,Jakarta,Hydro Coco,5,78530,Ewallet
587-03-7455,Bekasi,Fitbar Multigrain Chocolate,7,115961,Ewallet
882-40-4577,Bogor,Fitbar Multigrain Raisins,4,178883,Credit card
732-67-5346,Bogor,Diabetasol,5,86286,Credit card
725-32-9708,Jakarta,Diabetasol,4,41630,Cash
256-08-8343,Bogor,Diabetasol Wafer,4,45581,Ewallet
372-26-1506,Bekasi,Diabetasol Wafer,5,37122,Ewallet
244-08-0162,Jakarta,Fitbar Multigrain Raisins,10,132241,Cash
569-71-4390,Jakarta,Diabetasol,2,155652,Ewallet
132-23-6451,Bogor,Diabetasol,5,42442,Cash
696-90-2548,Bogor,Fitbar Multigrain Chocolate,3,153790,Ewallet
472-15-9636,Bogor,Fitbar Multigrain Chocolate,8,76728,Ewallet
268-03-6164,Jakarta,Fitbar Multigrain Raisins,1,188316,Ewallet
750-57-9686,Bekasi,Fitbar Multigrain Raisins,4,186396,Credit card
186-09-3669,Bekasi,Morinaga Chil Kid Platinum,1,108435,Ewallet
848-07-1692,Jakarta,Fitbar Multigrain Raisins,2,121397,Ewallet
745-71-3520,Bogor,Diabetasol,7,40205,Cash
266-76-6436,Bekasi,Hydro Coco,3,14894,Ewallet
740-22-2500,Bekasi,Fitbar Multigrain Chocolate,3,192631,Cash
271-88-8734,Bekasi,Hydro Coco,10,195618,Credit card
301-81-8610,Jakarta,Fitbar Multigrain Chocolate,8,28464,Credit card
489-64-4354,Bekasi,Diabetasol Wafer,1,162316,Cash
198-84-7132,Jakarta,Hydro Coco,9,182242,Cash
269-10-8440,Bogor,Morinaga Chil Kid Platinum,7,125567,Cash
650-98-6268,Jakarta,Diabetasol Wafer,3,61321,Credit card
741-73-3559,Jakarta,Fitbar Multigrain Chocolate,5,85309,Cash
325-77-6186,Bogor,Morinaga Chil Kid Platinum,10,97871,Ewallet
286-75-7818,Jakarta,Fitbar Multigrain Raisins,2,143059,Credit card
574-57-9721,Bekasi,Diabetasol Wafer,2,180747,Ewallet
459-50-7686,Bogor,Fitbar Multigrain Raisins,6,149882,Ewallet
616-87-0016,Jakarta,Diabetasol,7,18482,Credit card
837-55-7229,Jakarta,Hydro Coco,1,174786,Credit card
751-69-0068,Bekasi,Hydro Coco,9,130250,Ewallet
257-73-1380,Bekasi,Diabetasol,4,137069,Ewallet
345-08-4992,Bogor,Diabetasol,6,90225,Credit card
549-96-4200,Bekasi,Fitbar Multigrain Chocolate,4,74948,Ewallet
810-60-6344,Bekasi,Diabetasol,8,76646,Credit card
450-28-2866,Bekasi,Fitbar Multigrain Chocolate,5,54912,Cash
394-30-3170,Jakarta,Diabetasol,8,136694,Credit card
138-17-5109,Bogor,Fitbar Multigrain Chocolate,9,161143,Credit card
192-98-7397,Bekasi,Fitbar Multigrain Raisins,1,138729,Ewallet
301-11-9629,Bogor,Hydro Coco,7,14979,Cash
390-80-5128,Jakarta,Diabetasol Wafer,1,38252,Credit card
235-46-8343,Bekasi,Hydro Coco,10,65049,Credit card
453-12-7053,Bekasi,Fitbar Multigrain Chocolate,3,51970,Credit card
296-11-7041,Jakarta,Fitbar Multigrain Raisins,1,131905,Credit card
449-27-2918,Jakarta,Diabetasol Wafer,1,86637,Credit card
891-01-7034,Jakarta,Diabetasol,6,95736,Cash
744-09-5786,Jakarta,Fitbar Multigrain Raisins,6,156839,Cash
727-17-0390,Bogor,Hydro Coco,5,124335,Ewallet
568-88-3448,Bogor,Fitbar Multigrain Raisins,1,156812,Ewallet
187-83-5490,Bogor,Diabetasol Wafer,4,44460,Cash
767-54-1907,Jakarta,Fitbar Multigrain Chocolate,5,178926,Cash
710-46-4433,Jakarta,Hydro Coco,9,85254,Credit card
533-33-5337,Jakarta,Fitbar Multigrain Raisins,10,51043,Cash
325-90-8763,Bekasi,Hydro Coco,10,25474,Cash
729-46-7422,Bekasi,Fitbar Multigrain Raisins,1,71861,Credit card
639-76-1242,Bekasi,Fitbar Multigrain Chocolate,5,198973,Cash
234-03-4040,Jakarta,Morinaga Chil Kid Platinum,10,120254,Credit card
326-71-2155,Bekasi,Morinaga Chil Kid Platinum,4,67784,Cash
320-32-8842,Bekasi,Diabetasol Wafer,1,159019,Cash
470-32-9057,Bogor,Diabetasol Wafer,5,171009,Credit card
878-30-2331,Bekasi,Fitbar Multigrain Chocolate,10,185111,Credit card
440-59-5691,Bekasi,Fitbar Multigrain Raisins,7,147831,Credit card
554-53-3790,Jakarta,Diabetasol Wafer,6,67162,Cash
746-19-0921,Bekasi,Diabetasol,1,65780,Ewallet
233-34-0817,Bekasi,Fitbar Multigrain Raisins,1,43762,Cash
767-05-1286,Bekasi,Diabetasol Wafer,6,42854,Ewallet
340-21-9136,Bogor,Fitbar Multigrain Raisins,4,84558,Cash
405-31-3305,Bogor,Hydro Coco,10,75362,Credit card
731-59-7531,Jakarta,Fitbar Multigrain Chocolate,8,124911,Cash
676-39-6028,Bogor,Diabetasol Wafer,5,189120,Cash
502-05-1910,Bogor,Fitbar Multigrain Raisins,3,157640,Credit card
485-30-8700,Bogor,Fitbar Multigrain Raisins,5,10600,Credit card
598-47-9715,Bekasi,Fitbar Multigrain Chocolate,4,183737,Ewallet
701-69-8742,Jakarta,Diabetasol Wafer,10,198337,Ewallet
575-67-1508,Bogor,Morinaga Chil Kid Platinum,1,24037,Ewallet
541-08-3113,Bekasi,Morinaga Chil Kid Platinum,8,133601,Cash
246-11-3901,Bekasi,Morinaga Chil Kid Platinum,10,194345,Cash
674-15-9296,Bogor,Morinaga Chil Kid Platinum,5,199394,Ewallet
305-18-3552,Jakarta,Hydro Coco,10,85730,Cash
493-65-6248,Bekasi,Hydro Coco,10,108026,Credit card
438-01-4015,Jakarta,Diabetasol,4,55611,Ewallet
709-58-4068,Jakarta,Hydro Coco,10,191068,Cash
795-49-7276,Bogor,Morinaga Chil Kid Platinum,4,44164,Ewallet
556-72-8512,Bekasi,Morinaga Chil Kid Platinum,1,190722,Cash
627-95-3243,Jakarta,Morinaga Chil Kid Platinum,9,187808,Ewallet
686-41-0932,Jakarta,Diabetasol Wafer,2,24539,Ewallet
510-09-5628,Bogor,Fitbar Multigrain Raisins,10,169528,Credit card
608-04-3797,Jakarta,Fitbar Multigrain Chocolate,8,15010,Ewallet
148-82-2527,Bekasi,Hydro Coco,10,185021,Credit card
437-53-3084,Jakarta,Fitbar Multigrain Chocolate,2,122432,Ewallet
632-32-4574,Jakarta,Diabetasol Wafer,8,48813,Cash
556-97-7101,Bekasi,Hydro Coco,2,192414,Cash
862-59-8517,Bekasi,Fitbar Multigrain Raisins,6,13197,Cash
401-18-8016,Jakarta,Hydro Coco,1,83662,Cash
420-18-8989,Bogor,Diabetasol,8,132018,Cash
277-63-2961,Jakarta,Hydro Coco,1,15784,Credit card
573-98-8548,Bekasi,Hydro Coco,1,65698,Ewallet
620-02-2046,Bekasi,Morinaga Chil Kid Platinum,2,130647,Ewallet
282-35-2475,Jakarta,Hydro Coco,2,192676,Cash
511-54-3087,Jakarta,Hydro Coco,1,182636,Credit card
726-29-6793,Bogor,Fitbar Multigrain Raisins,8,67428,Ewallet
387-49-4215,Jakarta,Fitbar Multigrain Raisins,3,47346,Cash
862-17-9201,Jakarta,Hydro Coco,6,17962,Credit card
291-21-5991,Jakarta,Diabetasol Wafer,5,163015,Cash
602-80-9671,Bekasi,Fitbar Multigrain Raisins,6,195013,Credit card
347-72-6115,Jakarta,Diabetasol Wafer,7,23268,Credit card
209-61-0206,Bogor,Fitbar Multigrain Chocolate,5,14884,Ewallet
595-27-4851,Bogor,Hydro Coco,7,91486,Ewallet
189-52-0236,Bogor,Morinaga Chil Kid Platinum,7,24090,Cash
503-07-0930,Bekasi,Diabetasol,7,39866,Credit card
413-20-6708,Bekasi,Diabetasol,1,132448,Ewallet
425-85-2085,Jakarta,Diabetasol,5,107693,Ewallet
521-18-7827,Bekasi,Hydro Coco,5,145535,Credit card
220-28-1851,Bogor,Morinaga Chil Kid Platinum,2,81764,Ewallet
600-38-9738,Bekasi,Hydro Coco,5,185370,Credit card
734-91-1155,Jakarta,Diabetasol,3,124587,Credit card
451-28-5717,Bekasi,Fitbar Multigrain Raisins,6,80404,Cash
609-81-8548,Bogor,Fitbar Multigrain Chocolate,6,105956,Credit card
133-14-7229,Bekasi,Diabetasol Wafer,2,22632,Cash
534-01-4457,Bogor,Hydro Coco,6,167684,Credit card
719-89-8991,Bogor,Diabetasol Wafer,5,68544,Ewallet
286-62-6248,Jakarta,Fitbar Multigrain Raisins,4,37485,Credit card
339-38-9982,Jakarta,Hydro Coco,2,164247,Ewallet
827-44-5872,Jakarta,Fitbar Multigrain Chocolate,10,142677,Credit card
827-77-7633,Bogor,Diabetasol Wafer,9,18121,Cash
287-83-1405,Bogor,Fitbar Multigrain Chocolate,6,190196,Ewallet
435-13-4908,Bogor,Hydro Coco,8,181703,Credit card
857-67-9057,Jakarta,Diabetasol Wafer,10,52424,Ewallet
236-27-1144,Bekasi,Diabetasol,9,152864,Ewallet
892-05-6689,Bogor,Fitbar Multigrain Raisins,5,105880,Ewallet
583-41-4548,Bekasi,Diabetasol Wafer,7,131984,Ewallet
339-12-4827,Jakarta,Morinaga Chil Kid Platinum,1,77644,Credit card
643-38-7867,Bogor,Hydro Coco,1,30519,Ewallet
308-81-0538,Bogor,Fitbar Multigrain Chocolate,4,74629,Credit card
358-88-9262,Bekasi,Diabetasol,6,131579,Ewallet
460-35-4390,Bogor,Diabetasol,3,68715,Ewallet
343-87-0864,Bekasi,Hydro Coco,1,19920,Credit card
173-50-1108,Jakarta,Fitbar Multigrain Raisins,4,33273,Credit card
243-47-2663,Bekasi,Fitbar Multigrain Raisins,6,15637,Credit card
841-18-8232,Jakarta,Morinaga Chil Kid Platinum,1,58693,Credit card
701-23-5550,Jakarta,Hydro Coco,4,95134,Ewallet
647-50-1224,Bogor,Fitbar Multigrain Raisins,10,97672,Ewallet
541-48-8554,Bogor,Morinaga Chil Kid Platinum,9,78375,Credit card
539-21-7227,Jakarta,Diabetasol Wafer,5,180068,Cash
213-32-1216,Bogor,Hydro Coco,6,83443,Cash
747-58-7183,Jakarta,Morinaga Chil Kid Platinum,3,138062,Ewallet
582-52-8065,Jakarta,Diabetasol,9,73924,Cash
210-57-1719,Jakarta,Diabetasol,9,109871,Cash
399-69-4630,Bekasi,Diabetasol Wafer,6,39386,Credit card
134-75-2619,Bogor,Morinaga Chil Kid Platinum,7,104920,Cash
356-44-8813,Jakarta,Diabetasol,3,82148,Credit card
198-66-9832,Jakarta,Fitbar Multigrain Chocolate,2,129578,Cash
283-26-5248,Bekasi,Morinaga Chil Kid Platinum,10,109679,Ewallet
712-39-0363,Bogor,Morinaga Chil Kid Platinum,6,15643,Ewallet
218-59-9410,Bogor,Fitbar Multigrain Chocolate,3,141406,Ewallet
174-75-0888,Jakarta,Hydro Coco,9,87647,Cash
866-99-7614,Bekasi,Diabetasol,10,23745,Credit card
134-54-4720,Jakarta,Diabetasol,8,19921,Ewallet
760-90-2357,Bogor,Morinaga Chil Kid Platinum,6,39959,Ewallet
514-37-2845,Jakarta,Diabetasol Wafer,2,83779,Cash
698-98-5964,Bogor,Fitbar Multigrain Raisins,10,141538,Credit card
718-57-9773,Bekasi,Fitbar Multigrain Raisins,10,123942,Credit card
651-88-7328,Bogor,Fitbar Multigrain Chocolate,9,189554,Cash
241-11-2261,Jakarta,Diabetasol,7,194776,Credit card
408-26-9866,Bekasi,Diabetasol,7,74581,Ewallet
834-83-1826,Jakarta,Fitbar Multigrain Raisins,5,150519,Credit card
343-61-3544,Jakarta,Diabetasol,10,28767,Cash
239-48-4278,Bogor,Fitbar Multigrain Chocolate,7,162432,Ewallet
355-34-6244,Jakarta,Fitbar Multigrain Raisins,2,67561,Credit card
550-84-8664,Bogor,Morinaga Chil Kid Platinum,5,113834,Credit card
339-96-8318,Jakarta,Fitbar Multigrain Chocolate,7,159975,Ewallet
458-61-0011,Jakarta,Diabetasol,4,174135,Cash
592-34-6155,Bekasi,Fitbar Multigrain Raisins,4,196346,Ewallet
797-88-0493,Bogor,Diabetasol,4,153837,Cash
207-73-1363,Jakarta,Morinaga Chil Kid Platinum,2,32175,Ewallet
390-31-6381,Bekasi,Morinaga Chil Kid Platinum,3,116719,Cash
443-82-0585,Bogor,Morinaga Chil Kid Platinum,4,54115,Cash
339-18-7061,Bekasi,Morinaga Chil Kid Platinum,2,166334,Credit card
359-90-3665,Jakarta,Diabetasol,4,112568,Credit card
375-72-3056,Jakarta,Diabetasol,3,83769,Ewallet
127-47-6963,Bogor,Hydro Coco,4,170246,Credit card
278-86-2735,Bogor,Fitbar Multigrain Raisins,3,190494,Cash
695-28-6250,Bogor,Diabetasol Wafer,5,22563,Ewallet
379-17-6588,Bekasi,Hydro Coco,10,85811,Cash
227-50-3718,Bogor,Fitbar Multigrain Chocolate,5,116697,Cash
302-15-2162,Bekasi,Diabetasol Wafer,6,55872,Credit card
788-07-8452,Bekasi,Morinaga Chil Kid Platinum,7,68883,Ewallet
560-49-6611,Bogor,Morinaga Chil Kid Platinum,1,91836,Cash
880-35-0356,Bogor,Morinaga Chil Kid Platinum,3,94043,Ewallet
585-11-6748,Jakarta,Hydro Coco,3,56147,Cash
470-31-3286,Jakarta,Hydro Coco,3,87621,Credit card
152-68-2907,Bogor,Diabetasol Wafer,3,179246,Credit card
123-35-4896,Bekasi,Fitbar Multigrain Chocolate,9,193765,Ewallet
258-69-7810,Bekasi,Morinaga Chil Kid Platinum,5,16487,Cash
334-64-2006,Bogor,Hydro Coco,2,118459,Ewallet
219-61-4139,Bekasi,Morinaga Chil Kid Platinum,1,197664,Ewallet
881-41-7302,Bekasi,Fitbar Multigrain Raisins,1,105140,Credit card
373-09-4567,Bekasi,Hydro Coco,10,105931,Ewallet
642-30-6693,Jakarta,Morinaga Chil Kid Platinum,6,147811,Ewallet
484-22-8230,Bekasi,Fitbar Multigrain Chocolate,7,100096,Cash
830-58-2383,Jakarta,Morinaga Chil Kid Platinum,4,43990,Cash
559-98-9873,Bogor,Fitbar Multigrain Raisins,7,125287,Ewallet
544-32-5024,Bekasi,Fitbar Multigrain Chocolate,4,73413,Credit card
318-12-0304,Bogor,Hydro Coco,1,72645,Ewallet
349-97-8902,Jakarta,Morinaga Chil Kid Platinum,2,56586,Ewallet
421-95-9805,Bogor,Diabetasol Wafer,1,44885,Credit card
277-35-5865,Bekasi,Hydro Coco,9,188776,Cash
789-23-8625,Jakarta,Morinaga Chil Kid Platinum,3,71393,Cash
284-54-4231,Bekasi,Diabetasol Wafer,1,45316,Credit card
443-59-0061,Bogor,Diabetasol,10,94998,Ewallet
509-29-3912,Bogor,Hydro Coco,9,94059,Ewallet
327-40-9673,Jakarta,Diabetasol,6,22173,Cash
840-19-2096,Bekasi,Fitbar Multigrain Raisins,5,153170,Ewallet
828-46-6863,Bogor,Fitbar Multigrain Chocolate,6,64971,Credit card
641-96-3695,Bekasi,Fitbar Multigrain Raisins,6,80227,Ewallet
420-97-3340,Bogor,Hydro Coco,3,195743,Credit card
436-54-4512,Bogor,Morinaga Chil Kid Platinum,1,31734,Cash
670-79-6321,Jakarta,Morinaga Chil Kid Platinum,7,84958,Credit card
852-62-7105,Jakarta,Diabetasol Wafer,10,145813,Credit card
598-06-7312,Jakarta,Diabetasol Wafer,1,127316,Cash
135-13-8269,Jakarta,Diabetasol Wafer,2,182234,Cash
816-57-2053,Bogor,Fitbar Multigrain Raisins,2,116741,Ewallet
628-90-8624,Jakarta,Fitbar Multigrain Raisins,10,190327,Cash
856-66-2701,Bogor,Diabetasol,3,175623,Ewallet
308-39-1707,Bogor,Diabetasol,1,191176,Credit card
149-61-1929,Bogor,Hydro Coco,10,147364,Credit card
655-07-2265,Bogor,Fitbar Multigrain Chocolate,3,185182,Ewallet
589-02-8023,Bogor,Fitbar Multigrain Chocolate,2,182462,Credit card
420-04-7590,Jakarta,Diabetasol,3,151360,Ewallet
182-88-2763,Jakarta,Morinaga Chil Kid Platinum,3,181254,Credit card
188-55-0967,Jakarta,Fitbar Multigrain Raisins,10,62090,Credit card
610-46-4100,Bogor,Fitbar Multigrain Raisins,7,39298,Credit card
318-81-2368,Bekasi,Diabetasol Wafer,1,115413,Cash
364-33-8584,Jakarta,Fitbar Multigrain Chocolate,5,153130,Cash
665-63-9737,Jakarta,Diabetasol Wafer,3,170092,Ewallet
695-09-5146,Jakarta,Fitbar Multigrain Chocolate,3,52634,Ewallet
155-45-3814,Bekasi,Hydro Coco,8,62590,Ewallet
794-32-2436,Jakarta,Fitbar Multigrain Raisins,2,85333,Ewallet
131-15-8856,Bekasi,Morinaga Chil Kid Platinum,8,65836,Credit card
273-84-2164,Bekasi,Morinaga Chil Kid Platinum,5,94840,Ewallet
706-36-6154,Bogor,Diabetasol,9,120369,Ewallet
778-89-7974,Bekasi,Fitbar Multigrain Chocolate,6,189189,Cash
574-31-8277,Jakarta,Fitbar Multigrain Chocolate,1,177335,Cash
859-71-0933,Bekasi,Diabetasol Wafer,2,121692,Cash
740-11-5257,Bekasi,Hydro Coco,10,20299,Cash
369-82-2676,Jakarta,Morinaga Chil Kid Platinum,5,110743,Ewallet
563-47-4072,Jakarta,Morinaga Chil Kid Platinum,6,159203,Cash
742-04-5161,Bogor,Morinaga Chil Kid Platinum,10,92183,Cash
149-15-7606,Jakarta,Fitbar Multigrain Chocolate,9,72736,Ewallet
133-77-3154,Jakarta,Diabetasol Wafer,4,136560,Credit card
169-52-4504,Bogor,Hydro Coco,3,197412,Credit card
250-81-7186,Bekasi,Hydro Coco,1,30117,Credit card
562-12-5430,Bogor,Fitbar Multigrain Chocolate,3,17407,Ewallet
816-72-8853,Bogor,Diabetasol Wafer,5,85364,Cash
491-38-3499,Bogor,Morinaga Chil Kid Platinum,1,193750,Credit card
322-02-2271,Jakarta,Diabetasol Wafer,3,90698,Cash
842-29-4695,Bekasi,Hydro Coco,7,126301,Credit card
725-67-2480,Jakarta,Diabetasol,6,36038,Credit card
641-51-2661,Bekasi,Morinaga Chil Kid Platinum,10,174531,Credit card
714-02-3114,Bekasi,Fitbar Multigrain Chocolate,2,28615,Cash
518-17-2983,Bogor,Diabetasol Wafer,4,122045,Ewallet
779-42-2410,Jakarta,Fitbar Multigrain Chocolate,3,11969,Ewallet
190-14-3147,Jakarta,Diabetasol Wafer,4,174686,Ewallet
408-66-6712,Bekasi,Diabetasol,6,67246,Ewallet
679-22-6530,Jakarta,Diabetasol,2,28873,Credit card
588-47-8641,Bogor,Morinaga Chil Kid Platinum,10,45823,Ewallet
642-61-4706,Jakarta,Diabetasol Wafer,2,147060,Cash
576-31-4774,Jakarta,Morinaga Chil Kid Platinum,3,11228,Ewallet
556-41-6224,Bekasi,Morinaga Chil Kid Platinum,8,124341,Credit card
811-03-8790,Bogor,Fitbar Multigrain Chocolate,10,17676,Credit card
242-11-3142,Jakarta,Diabetasol,2,67726,Cash
752-23-3760,Jakarta,Morinaga Chil Kid Platinum,7,97156,Credit card
274-05-5470,Bogor,Fitbar Multigrain Raisins,4,168220,Cash
648-94-3045,Bekasi,Hydro Coco,10,172938,Ewallet
130-67-4723,Bogor,Fitbar Multigrain Raisins,6,11176,Ewallet
528-87-5606,Jakarta,Fitbar Multigrain Raisins,1,79174,Cash
320-85-2052,Jakarta,Fitbar Multigrain Raisins,1,30480,Credit card
370-96-0655,Bekasi,Diabetasol,6,114660,Ewallet
105-10-6182,Bogor,Fitbar Multigrain Chocolate,2,124613,Ewallet
510-79-0415,Jakarta,Hydro Coco,6,138101,Ewallet
241-96-5076,Jakarta,Hydro Coco,2,162899,Credit card
767-97-4650,Jakarta,Diabetasol,2,197763,Credit card
648-83-1321,Bogor,Diabetasol,10,188012,Cash
173-57-2300,Bekasi,Fitbar Multigrain Raisins,2,74124,Cash
305-03-2383,Bogor,Diabetasol Wafer,3,178665,Cash
394-55-6384,Bekasi,Morinaga Chil Kid Platinum,9,120216,Cash
266-20-6657,Bekasi,Diabetasol Wafer,7,86322,Ewallet
689-05-1884,Bogor,Diabetasol,10,14330,Cash
196-01-2849,Bekasi,Fitbar Multigrain Chocolate,7,161395,Cash
372-62-5264,Bekasi,Fitbar Multigrain Chocolate,9,68526,Cash
800-09-8606,Bogor,Fitbar Multigrain Chocolate,5,152051,Cash
182-52-7000,Bogor,Diabetasol Wafer,4,127132,Ewallet
826-58-8051,Jakarta,Hydro Coco,4,179146,Ewallet
868-06-0466,Bogor,Diabetasol Wafer,9,131768,Credit card
751-41-9720,Bekasi,Fitbar Multigrain Chocolate,10,40478,Ewallet
626-43-7888,Bekasi,Fitbar Multigrain Chocolate,8,56223,Ewallet
176-64-7711,Jakarta,Fitbar Multigrain Chocolate,3,180453,Credit card
191-29-0321,Jakarta,Diabetasol Wafer,10,140089,Credit card
729-06-2010,Jakarta,Fitbar Multigrain Raisins,9,186069,Cash
640-48-5028,Jakarta,Morinaga Chil Kid Platinum,9,136918,Cash
186-79-9562,Jakarta,Diabetasol,7,107958,Cash
834-45-5519,Jakarta,Hydro Coco,4,99881,Ewallet
162-65-8559,Bekasi,Morinaga Chil Kid Platinum,1,56997,Cash
760-27-5490,Bekasi,Fitbar Multigrain Raisins,8,47608,Ewallet
445-30-9252,Bogor,Fitbar Multigrain Chocolate,3,81007,Ewallet
786-94-2700,Bogor,Fitbar Multigrain Raisins,6,108851,Cash
728-88-7867,Bekasi,Morinaga Chil Kid Platinum,4,185369,Ewallet
183-21-3799,Bekasi,Fitbar Multigrain Raisins,9,128727,Ewallet
268-20-3585,Bekasi,Hydro Coco,9,21520,Ewallet
735-32-9839,Bekasi,Diabetasol Wafer,8,129902,Ewallet
258-92-7466,Bogor,Diabetasol Wafer,5,143496,Credit card
857-16-3520,Bogor,Fitbar Multigrain Chocolate,7,70835,Ewallet
482-17-1179,Bogor,Hydro Coco,3,167610,Credit card
788-21-5741,Bogor,Fitbar Multigrain Chocolate,3,103128,Credit card
821-14-9046,Jakarta,Diabetasol,6,21600,Credit card
418-05-0656,Jakarta,Fitbar Multigrain Raisins,7,72470,Cash
678-79-0726,Bekasi,Diabetasol Wafer,9,176740,Cash
776-68-1096,Jakarta,Fitbar Multigrain Raisins,3,150278,Credit card
592-46-1692,Bekasi,Morinaga Chil Kid Platinum,7,19462,Cash
434-35-9162,Jakarta,Hydro Coco,4,47035,Ewallet
149-14-0304,Bekasi,Hydro Coco,8,164749,Cash
442-44-6497,Bekasi,Diabetasol,3,25818,Credit card
174-64-0215,Jakarta,Fitbar Multigrain Chocolate,10,133932,Credit card
210-74-9613,Bekasi,Morinaga Chil Kid Platinum,4,66350,Ewallet
299-29-0180,Jakarta,Morinaga Chil Kid Platinum,7,18769,Cash
247-11-2470,Bogor,Morinaga Chil Kid Platinum,4,103158,Credit card
635-28-5728,Bogor,Diabetasol Wafer,3,155746,Ewallet
756-49-0168,Bogor,Diabetasol,1,136550,Ewallet
438-23-1242,Jakarta,Diabetasol Wafer,7,70960,Ewallet
238-45-6950,Jakarta,Fitbar Multigrain Raisins,1,133717,Ewallet
607-65-2441,Bekasi,Fitbar Multigrain Raisins,10,112852,Credit card
386-27-7606,Bekasi,Hydro Coco,7,129703,Credit card
137-63-5492,Bekasi,Fitbar Multigrain Chocolate,10,126075,Ewallet
197-77-7132,Jakarta,Fitbar Multigrain Chocolate,8,150373,Ewallet
805-86-0265,Bogor,Fitbar Multigrain Chocolate,9,63361,Cash
733-29-1227,Bekasi,Fitbar Multigrain Raisins,7,31977,Cash
451-73-2711,Bekasi,Hydro Coco,1,169133,Ewallet
373-14-0504,Bogor,Diabetasol Wafer,2,185288,Ewallet
546-80-2899,Bogor,Morinaga Chil Kid Platinum,2,119364,Ewallet
345-68-9016,Bekasi,Diabetasol Wafer,8,36241,Credit card
390-17-5806,Bekasi,Fitbar Multigrain Chocolate,1,139950,Cash
457-13-1708,Jakarta,Fitbar Multigrain Raisins,10,55341,Credit card
664-14-2882,Bekasi,Morinaga Chil Kid Platinum,5,123147,Credit card
487-79-6868,Jakarta,Fitbar Multigrain Raisins,9,163802,Credit card
314-23-4520,Bekasi,Fitbar Multigrain Raisins,7,178899,Cash
210-30-7976,Jakarta,Hydro Coco,4,46250,Ewallet
585-86-8361,Bogor,Fitbar Multigrain Chocolate,5,149857,Credit card
807-14-7833,Bogor,Diabetasol,10,46435,Ewallet
775-72-1988,Jakarta,Fitbar Multigrain Chocolate,5,193134,Ewallet
288-38-3758,Bekasi,Diabetasol Wafer,3,179044,Ewallet
652-43-6591,Bogor,Fitbar Multigrain Raisins,8,185293,Credit card
785-96-0615,Jakarta,Fitbar Multigrain Chocolate,8,96063,Ewallet
406-46-7107,Bogor,Diabetasol,6,54514,Cash
250-17-5703,Bogor,Diabetasol Wafer,10,129812,Ewallet
156-95-3964,Bogor,Morinaga Chil Kid Platinum,4,184429,Ewallet
842-40-8179,Jakarta,Hydro Coco,10,25216,Credit card
525-09-8450,Jakarta,Fitbar Multigrain Raisins,10,99680,Credit card
410-67-1709,Bogor,Hydro Coco,8,115591,Ewallet
587-73-4862,Bogor,Diabetasol Wafer,5,185268,Ewallet
787-87-2010,Bogor,Diabetasol,4,77039,Credit card
593-14-4239,Jakarta,Fitbar Multigrain Raisins,8,39127,Ewallet
801-88-0346,Bekasi,Fitbar Multigrain Chocolate,3,95869,Credit card
388-76-2555,Jakarta,Hydro Coco,6,123918,Cash
711-31-1234,Jakarta,Morinaga Chil Kid Platinum,4,178744,Cash
886-54-6089,Bogor,Diabetasol Wafer,6,115718,Cash
707-32-7409,Jakarta,Diabetasol,4,160528,Ewallet
759-98-4285,Bekasi,Fitbar Multigrain Raisins,7,90162,Credit card
201-63-8275,Bekasi,Fitbar Multigrain Raisins,7,167386,Ewallet
471-06-8611,Bekasi,Fitbar Multigrain Chocolate,1,103825,Credit card
200-16-5952,Bekasi,Fitbar Multigrain Chocolate,2,171036,Cash
120-54-2248,Jakarta,Morinaga Chil Kid Platinum,5,178442,Credit card
102-77-2261,Bekasi,Fitbar Multigrain Chocolate,7,41411,Credit card
875-31-8302,Jakarta,Diabetasol Wafer,1,98269,Cash
102-06-2002,Bekasi,Morinaga Chil Kid Platinum,5,22407,Cash
457-94-0464,Jakarta,Fitbar Multigrain Chocolate,9,146975,Ewallet
629-42-4133,Bekasi,Fitbar Multigrain Chocolate,8,155702,Cash
534-53-3526,Bogor,Morinaga Chil Kid Platinum,4,87371,Ewallet
307-04-2070,Bogor,Fitbar Multigrain Chocolate,1,188808,Credit card
468-99-7231,Bekasi,Diabetasol,8,137690,Cash
516-77-6464,Bekasi,Morinaga Chil Kid Platinum,5,181844,Ewallet
404-91-5964,Bogor,Diabetasol,7,16746,Credit card
886-77-9084,Bekasi,Fitbar Multigrain Raisins,8,65768,Ewallet
790-38-4466,Bekasi,Hydro Coco,5,171871,Credit card
704-10-4056,Bekasi,Fitbar Multigrain Chocolate,3,98991,Credit card
497-37-6538,Bogor,Fitbar Multigrain Chocolate,7,190017,Ewallet
651-96-5970,Bogor,Morinaga Chil Kid Platinum,1,46731,Credit card
400-80-4065,Bekasi,Fitbar Multigrain Raisins,4,180764,Credit card
744-16-7898,Jakarta,Hydro Coco,10,124053,Credit card
263-12-5321,Bogor,Fitbar Multigrain Raisins,7,69307,Credit card
702-72-0487,Bogor,Diabetasol,2,161068,Credit card
605-83-1050,Jakarta,Fitbar Multigrain Chocolate,2,86918,Ewallet
443-60-9639,Bekasi,Fitbar Multigrain Chocolate,1,42959,Cash
864-24-7918,Bogor,Hydro Coco,10,192299,Cash
359-94-5395,Jakarta,Diabetasol,1,194879,Credit card
401-09-4232,Bekasi,Diabetasol,5,40833,Ewallet
751-15-6198,Jakarta,Fitbar Multigrain Chocolate,6,87501,Ewallet
324-41-6833,Bekasi,Hydro Coco,8,33693,Ewallet
474-33-8305,Bekasi,Fitbar Multigrain Chocolate,7,194664,Ewallet
759-29-9521,Bogor,Fitbar Multigrain Chocolate,9,158349,Cash
831-81-6575,Jakarta,Diabetasol,9,184633,Cash
220-68-6701,Bogor,Fitbar Multigrain Raisins,4,187213,Cash
618-34-8551,Bogor,Diabetasol,2,57490,Credit card
257-60-7754,Bogor,Fitbar Multigrain Chocolate,4,37375,Cash
559-61-5987,Jakarta,Diabetasol,1,137255,Cash
189-55-2313,Bekasi,Diabetasol,10,189714,Ewallet
565-91-4567,Jakarta,Fitbar Multigrain Raisins,8,69451,Ewallet
380-60-5336,Bogor,Hydro Coco,10,197849,Credit card
815-04-6282,Bekasi,Hydro Coco,5,127235,Credit card
674-56-6360,Bogor,Diabetasol Wafer,1,151660,Cash
778-34-2523,Bogor,Hydro Coco,8,127114,Cash
499-27-7781,Jakarta,Diabetasol,8,126271,Ewallet
477-59-2456,Bekasi,Fitbar Multigrain Raisins,7,72958,Cash
832-51-6761,Bogor,Diabetasol,8,118006,Ewallet
869-11-3082,Jakarta,Fitbar Multigrain Chocolate,4,114207,Credit card
190-59-3964,Jakarta,Fitbar Multigrain Raisins,5,75910,Credit card
366-43-6862,Jakarta,Fitbar Multigrain Chocolate,4,104802,Ewallet
186-43-8965,Bogor,Diabetasol Wafer,2,100577,Credit card
784-21-9238,Bekasi,Fitbar Multigrain Chocolate,1,28062,Cash
276-75-6884,Bogor,Fitbar Multigrain Raisins,3,195548,Cash
109-86-4363,Jakarta,Diabetasol Wafer,7,12829,Credit card
569-76-2760,Bogor,Diabetasol,4,87251,Credit card
222-42-0244,Jakarta,Diabetasol,9,17256,Credit card
760-53-9233,Bogor,Diabetasol Wafer,3,143772,Credit card
538-22-0304,Bekasi,Fitbar Multigrain Raisins,10,71491,Cash
416-17-9926,Bogor,Morinaga Chil Kid Platinum,10,144630,Credit card
237-44-6163,Bogor,Diabetasol,8,93552,Cash
636-17-0325,Jakarta,Morinaga Chil Kid Platinum,4,132013,Cash
343-75-9322,Jakarta,Diabetasol Wafer,8,156390,Cash
528-14-9470,Bogor,Fitbar Multigrain Chocolate,1,99461,Ewallet
427-45-9297,Jakarta,Hydro Coco,7,147531,Ewallet
807-34-3742,Bogor,Morinaga Chil Kid Platinum,1,17955,Cash
288-62-1085,Bogor,Morinaga Chil Kid Platinum,5,198032,Ewallet
670-71-7306,Jakarta,Hydro Coco,6,199889,Credit card
660-29-7083,Bekasi,Diabetasol Wafer,10,178336,Cash
271-77-8740,Bekasi,Diabetasol Wafer,6,131589,Ewallet
497-36-0989,Bogor,Morinaga Chil Kid Platinum,3,157136,Cash
291-59-1384,Jakarta,Morinaga Chil Kid Platinum,1,70501,Cash
860-73-6466,Bogor,Morinaga Chil Kid Platinum,2,53614,Credit card
549-23-9016,Bekasi,Fitbar Multigrain Raisins,2,118945,Credit card
896-34-0956,Bogor,Diabetasol Wafer,1,95302,Cash
804-38-3935,Bogor,Fitbar Multigrain Raisins,3,95365,Credit card
585-90-0249,Bogor,Morinaga Chil Kid Platinum,1,116172,Ewallet
862-29-5914,Bekasi,Diabetasol Wafer,1,63579,Credit card
845-94-6841,Bekasi,Fitbar Multigrain Raisins,9,103878,Cash
125-45-2293,Bogor,Morinaga Chil Kid Platinum,6,110501,Cash
843-73-4724,Bogor,Morinaga Chil Kid Platinum,1,188851,Cash
409-33-9708,Bogor,Diabetasol Wafer,2,143006,Ewallet
658-66-3967,Bekasi,Morinaga Chil Kid Platinum,7,22471,Ewallet
866-70-2814,Jakarta,Hydro Coco,10,111828,Ewallet
160-22-2687,Bogor,Fitbar Multigrain Chocolate,5,198977,Ewallet
895-03-6665,Jakarta,Diabetasol,9,166685,Cash
770-42-8960,Jakarta,Diabetasol,8,26936,Cash
748-45-2862,Bogor,Hydro Coco,4,106291,Cash
234-36-2483,Jakarta,Morinaga Chil Kid Platinum,6,38110,Cash
316-66-3011,Bogor,Morinaga Chil Kid Platinum,9,93698,Cash
848-95-6252,Bekasi,Fitbar Multigrain Chocolate,1,164686,Ewallet
840-76-5966,Bogor,Hydro Coco,2,132776,Ewallet
152-03-4217,Jakarta,Fitbar Multigrain Chocolate,9,101977,Credit card
533-66-5566,Jakarta,Morinaga Chil Kid Platinum,7,82004,Cash
124-31-1458,Bogor,Diabetasol Wafer,3,22917,Cash
176-78-1170,Bekasi,Diabetasol,3,135520,Ewallet
361-59-0574,Jakarta,Diabetasol Wafer,8,119299,Credit card
101-81-4070,Bekasi,Diabetasol,2,47072,Ewallet
631-34-1880,Bekasi,Morinaga Chil Kid Platinum,3,192740,Credit card
852-82-2749,Bogor,Morinaga Chil Kid Platinum,4,195981,Ewallet
873-14-6353,Bogor,Hydro Coco,7,46713,Credit card
584-66-4073,Bekasi,Morinaga Chil Kid Platinum,1,115821,Ewallet
544-55-9589,Jakarta,Fitbar Multigrain Chocolate,10,99288,Cash
166-19-2553,Bogor,Fitbar Multigrain Chocolate,6,59595,Cash
737-88-5876,Bogor,Diabetasol,4,180191,Credit card
154-87-7367,Bekasi,Diabetasol Wafer,8,192103,Ewallet
885-56-0389,Bekasi,Hydro Coco,1,34719,Cash
608-05-3804,Jakarta,Morinaga Chil Kid Platinum,1,151498,Cash
448-61-3783,Bogor,Diabetasol Wafer,8,61227,Credit card
761-49-0439,Jakarta,Morinaga Chil Kid Platinum,8,122430,Ewallet
490-95-0021,Jakarta,Diabetasol,10,27435,Ewallet
115-38-7388,Bekasi,Fitbar Multigrain Chocolate,8,110111,Credit card
311-13-6971,Jakarta,Fitbar Multigrain Raisins,10,18670,Credit card
291-55-6563,Bogor,Fitbar Multigrain Raisins,6,75361,Ewallet
548-48-3156,Bogor,Hydro Coco,2,177048,Cash
460-93-5834,Bogor,Diabetasol Wafer,7,169537,Cash
325-89-4209,Bogor,Hydro Coco,1,84262,Ewallet
884-80-6021,Bogor,Diabetasol Wafer,10,184791,Ewallet
137-74-8729,Bekasi,Morinaga Chil Kid Platinum,8,110453,Ewallet
880-46-5796,Bogor,Morinaga Chil Kid Platinum,10,150887,Ewallet
389-70-2397,Bekasi,Hydro Coco,5,91980,Cash
114-35-5271,Jakarta,Diabetasol,8,16465,Cash
607-76-6216,Bekasi,Fitbar Multigrain Raisins,5,49924,Credit card
715-20-1673,Jakarta,Diabetasol,5,89088,Cash
811-35-1094,Jakarta,Diabetasol Wafer,6,97821,Credit card
699-88-1972,Jakarta,Diabetasol,8,98277,Credit card
781-84-8059,Bekasi,Diabetasol,7,19339,Ewallet
409-49-6995,Bekasi,Hydro Coco,6,95285,Cash
725-54-0677,Bekasi,Fitbar Multigrain Raisins,7,78050,Cash
146-09-5432,Bogor,Hydro Coco,9,108319,Ewallet
377-79-7592,Bekasi,Diabetasol Wafer,9,129595,Credit card
509-10-0516,Jakarta,Fitbar Multigrain Chocolate,4,15720,Ewallet
595-94-9924,Bogor,Morinaga Chil Kid Platinum,5,89911,Credit card
865-41-9075,Bogor,Fitbar Multigrain Chocolate,7,30290,Cash
545-07-8534,Bekasi,Fitbar Multigrain Chocolate,2,118833,Ewallet
118-62-1812,Bekasi,Fitbar Multigrain Chocolate,4,15955,Cash
450-42-3339,Bekasi,Diabetasol,10,59491,Credit card
851-98-3555,Jakarta,Fitbar Multigrain Chocolate,5,53669,Credit card
186-71-5196,Bogor,Diabetasol Wafer,2,137425,Ewallet
624-01-8356,Jakarta,Fitbar Multigrain Chocolate,10,64423,Credit card
313-66-9943,Jakarta,Fitbar Multigrain Chocolate,3,76821,Credit card
151-27-8496,Bekasi,Diabetasol,4,26016,Ewallet
453-33-6436,Bogor,Diabetasol,8,61591,Cash
522-57-8364,Bogor,Diabetasol Wafer,8,51636,Ewallet
459-45-2396,Bogor,Hydro Coco,3,118356,Cash
717-96-4189,Bekasi,Morinaga Chil Kid Platinum,6,97008,Cash
722-13-2115,Bekasi,Diabetasol,1,13239,Credit card
749-81-8133,Bogor,Hydro Coco,4,40915,Cash
777-67-2495,Jakarta,Fitbar Multigrain Chocolate,3,81748,Ewallet
636-98-3364,Jakarta,Fitbar Multigrain Raisins,3,68101,Ewallet
246-55-6923,Bekasi,Diabetasol Wafer,9,116925,Credit card
181-82-6255,Jakarta,Diabetasol,6,73186,Cash
838-02-1821,Bekasi,Morinaga Chil Kid Platinum,2,67232,Credit card
887-42-0517,Bekasi,Diabetasol,7,128338,Credit card
457-12-0244,Bekasi,Fitbar Multigrain Chocolate,6,127880,Ewallet
226-34-0034,Jakarta,Diabetasol,4,92308,Ewallet
321-49-7382,Jakarta,Diabetasol Wafer,1,14134,Credit card
397-25-8725,Bogor,Hydro Coco,9,165510,Credit card
431-66-2305,Jakarta,Morinaga Chil Kid Platinum,9,107797,Credit card
825-94-5922,Jakarta,Hydro Coco,2,68476,Ewallet
641-62-7288,Jakarta,Diabetasol,6,139768,Ewallet
756-93-1854,Bekasi,Diabetasol,2,162823,Credit card
243-55-8457,Bogor,Hydro Coco,10,97446,Ewallet
458-10-8612,Bekasi,Fitbar Multigrain Raisins,7,175511,Ewallet
501-61-1753,Jakarta,Fitbar Multigrain Raisins,6,11533,Ewallet
235-06-8510,Bekasi,Diabetasol Wafer,3,184354,Ewallet
433-08-7822,Bekasi,Fitbar Multigrain Chocolate,7,187304,Ewallet
361-85-2571,Bogor,Hydro Coco,5,163296,Cash
131-70-8179,Bogor,Diabetasol Wafer,3,91214,Cash
500-02-2261,Bekasi,Diabetasol Wafer,6,127850,Ewallet
720-72-2436,Bogor,Hydro Coco,4,169189,Ewallet
702-83-5291,Bekasi,Fitbar Multigrain Chocolate,9,39302,Cash
809-69-9497,Bogor,Fitbar Multigrain Chocolate,10,143339,Ewallet
449-16-6770,Bogor,Morinaga Chil Kid Platinum,5,130948,Credit card
333-23-2632,Bogor,Hydro Coco,7,133331,Cash
489-82-1237,Bogor,Diabetasol,7,192930,Credit card
859-97-6048,Bekasi,Hydro Coco,2,97059,Credit card
676-10-2200,Jakarta,Hydro Coco,1,166536,Ewallet
373-88-1424,Bekasi,Diabetasol Wafer,5,76498,Ewallet
365-16-4334,Jakarta,Fitbar Multigrain Chocolate,8,133448,Ewallet
503-21-4385,Jakarta,Morinaga Chil Kid Platinum,3,133231,Ewallet
305-89-2768,Jakarta,Diabetasol Wafer,3,124883,Ewallet
574-80-1489,Jakarta,Fitbar Multigrain Chocolate,4,157628,Ewallet
784-08-0310,Bekasi,Hydro Coco,4,116534,Cash
200-40-6154,Jakarta,Fitbar Multigrain Raisins,6,45358,Cash
846-10-0341,Bogor,Hydro Coco,7,54176,Cash
577-34-7579,Bekasi,Fitbar Multigrain Chocolate,9,187971,Cash
430-02-3888,Jakarta,Hydro Coco,6,105755,Cash
867-47-1948,Bekasi,Fitbar Multigrain Chocolate,10,184655,Cash
384-59-6655,Bogor,Hydro Coco,9,107373,Cash
256-58-3609,Bekasi,Diabetasol Wafer,1,192971,Cash
324-92-3863,Bogor,Diabetasol,2,143988,Cash
593-08-5916,Bogor,Diabetasol,1,135829,Credit card
364-34-2972,Bekasi,Hydro Coco,3,171690,Cash
794-42-3736,Jakarta,Fitbar Multigrain Chocolate,2,132993,Credit card
172-42-8274,Jakarta,Fitbar Multigrain Chocolate,2,145492,Credit card
558-60-5016,Bogor,Fitbar Multigrain Chocolate,9,51179,Ewallet
195-06-0432,Bogor,Diabetasol Wafer,3,137667,Credit card
605-03-2706,Bogor,Hydro Coco,3,179665,Cash
214-30-2776,Jakarta,Hydro Coco,5,62340,Credit card
746-04-1077,Jakarta,Diabetasol,10,46302,Credit card
448-34-8700,Jakarta,Fitbar Multigrain Raisins,7,67560,Ewallet
452-04-8808,Jakarta,Morinaga Chil Kid Platinum,7,13819,Cash
531-56-4728,Bogor,Fitbar Multigrain Chocolate,3,29041,Cash
744-82-9138,Bekasi,Hydro Coco,2,191070,Cash
883-69-1285,Jakarta,Fitbar Multigrain Chocolate,2,87783,Credit card
221-25-5073,Bogor,Hydro Coco,4,120064,Cash
518-71-6847,Jakarta,Diabetasol,6,146526,Ewallet
156-20-0370,Jakarta,Hydro Coco,1,54628,Credit card
151-33-7434,Jakarta,Fitbar Multigrain Raisins,1,187313,Credit card
728-47-9078,Bekasi,Diabetasol,4,51602,Cash
809-46-1866,Bogor,Diabetasol Wafer,4,81201,Cash
139-32-4183,Bogor,Fitbar Multigrain Raisins,9,152910,Ewallet
148-41-7930,Bekasi,Diabetasol Wafer,7,63349,Cash
189-40-5216,Bekasi,Diabetasol Wafer,7,47344,Cash
374-38-5555,Jakarta,Diabetasol Wafer,5,196473,Ewallet
764-44-8999,Jakarta,Diabetasol,2,141598,Ewallet
552-44-5977,Jakarta,Fitbar Multigrain Raisins,8,47035,Credit card
267-62-7380,Bekasi,Diabetasol,10,71326,Ewallet
430-53-4718,Jakarta,Fitbar Multigrain Chocolate,8,143027,Credit card
886-18-2897,Bogor,Morinaga Chil Kid Platinum,5,26608,Credit card
602-16-6955,Jakarta,Diabetasol Wafer,10,75823,Ewallet
745-74-0715,Bogor,Fitbar Multigrain Chocolate,2,102220,Ewallet
690-01-6631,Jakarta,Diabetasol Wafer,10,130278,Ewallet
652-49-6720,Bekasi,Fitbar Multigrain Chocolate,1,177991,Ewallet
233-67-5758,Bekasi,Hydro Coco,1,44982,Ewallet
303-96-2227,Jakarta,Diabetasol,10,88115,Ewallet
727-02-1313,Bogor,Fitbar Multigrain Chocolate,1,94615,Cash
347-56-2442,Bogor,Diabetasol,1,11624,Cash
849-09-3807,Bogor,Fitbar Multigrain Chocolate,7,198854,Cash